[
    {
        "label": "요청제목",
        "field_nm": "title",
        "type": "input",
        "required": "true",
        "value": "ㄴㅁㅇㄻㄴㅇ",
        "children": [],
        "task_id": "20190045",
        "parent_field_nm": "lm_pc"
    },
    {
        "label": "요청내용",
        "field_nm": "content",
        "type": "textarea",
        "required": "true",
        "value": "ㄻㄴㅇㄻㄴㅇㄻㄴ",
        "children": [],
        "task_id": "20190045",
        "parent_field_nm": "lm_pc"
    },
    {
        "label": "요청사항",
        "field_nm": "req_map",
        "type": "checkbox-group",
        "code": "req_map",
        "value": "req_map",
        "children": [
            {
                "task_id": "20190045",
                "field_nm": "title",
                "parent_field_nm": "req_map",
                "value": "title"
            },
            {
                "task_id": "20190045",
                "field_nm": "title",
                "parent_field_nm": "req_map",
                "value": "title"
            },
            {
                "task_id": "20190045",
                "field_nm": "2",
                "parent_field_nm": "req_map",
                "value": "2"
            }
        ],
        "task_id": "20190045",
        "parent_field_nm": "lm_pc"
    },
    {
        "label": "메 모",
        "field_nm": "memo",
        "type": "textarea",
        "value": null,
        "children": [],
        "task_id": "20190045",
        "parent_field_nm": "lm_pc"
    }
]