{
  "default": [
    {
      "menu_id": "0",
      "menu_nm": "통합검색",
      "visible": false,
      "router_name": "searchResult"
    },
    {
      "menu_id": "123241",
      "menu_nm": "대시보드",
      "visible": false,
      "router_name": "dashboard"
    },
    {
      "menu_id": "1",
      "menu_nm": "이용안내",
      "icon": "demo-pli-information",
      "expanded": false,
      "children": [
        {
          "menu_id": "101",
          "menu_nm": "시스템소개",
          "router_name": "guide1",
          "description": ""
        },
        {
          "menu_id": "102",
          "menu_nm": "시스템사용절차",
          "router_name": "guide2",
          "description": ""
        },
        {
          "menu_id": "103",
          "menu_nm": "의원발의 절차",
          "router_name": "guide3",
          "description": ""
        }
      ]
    },
    {
      "menu_id": "3",
      "menu_nm": "입법조사 요청",
      "icon": "demo-psi-pen-5",
      "expanded": false,
      "children": [
        {
          "menu_id": "301",
          "menu_nm": "신규 요청",
          "router_name": "request"
        }
      ]
    },
    {
      "menu_id": "4",
      "menu_nm": "요청 현황",
      "icon": "demo-pli-monitor-2",
      "expanded": false,
      "children": [
        {
          "menu_id": "401",
          "menu_nm": "요청 현황관리",
          "router_name": "requestList"
        },
        {
          "menu_id": "402",
          "menu_nm": "회답서 관리",
          "path": "responseList?state=complete"
        },
        {
          "menu_id": "403",
          "menu_nm": "요청회답 검색",
          "path": "searchResult"
        }
      ]
    },
    {
      "menu_id": "5",
      "menu_nm": "검색/통계",
      "icon": "demo-psi-bar-chart",
      "expanded": false,
      "children": [
        {
          "menu_id": "501",
          "menu_nm": "국회자료 검색",
          "router_name": "nadbSearchResult"
        },
        {
          "menu_id": "502",
          "menu_nm": "기간요청분류별",
          "router_name": "myStat"
        },
        {
          "menu_id": "503",
          "menu_nm": "조사관별",
          "router_name": "myStat"
        },
        {
          "menu_id": "504",
          "menu_nm": "요청현황별",
          "router_name": "myStat"
        }
      ]
    },
    {
      "menu_id": "6",
      "menu_nm": "공지/문의",
      "icon": "demo-pli-question-circle",
      "expanded": false,
      "children": [
        {
          "menu_id": "601",
          "menu_nm": "공지사항",
          "path": "boardList?board_type=gongji"
        },
        {
          "menu_id": "602",
          "menu_nm": "도움말",
          "path": "boardList?board_type=help"
        }
      ]
    },
    {
      "menu_id": "9",
      "menu_nm": "My페이지",
      "icon": "demo-pli-question-circle",
      "expanded": false,
      "children": [
        {
          "menu_id": "901",
          "menu_nm": "나의 정보",
          "router_name": "user"
        }
      ]
    }
  ],
  "admin": [
    {
      "menu_id": "0",
      "menu_nm": "통합검색",
      "visible": false,
      "router_name": "searchResult"
    },
    {
      "menu_id": "123241",
      "menu_nm": "대시보드",
      "visible": false,
      "router_name": "dashboard"
    },
    {
      "menu_id": "1",
      "menu_nm": "이용안내",
      "icon": "demo-pli-information",
      "expanded": false,
      "children": [
        {
          "menu_id": "101",
          "menu_nm": "시스템소개",
          "router_name": "guide1",
          "description": ""
        },
        {
          "menu_id": "102",
          "menu_nm": "시스템사용절차",
          "router_name": "guide2",
          "description": ""
        },
        {
          "menu_id": "103",
          "menu_nm": "의원발의 절차",
          "router_name": "guide3",
          "description": ""
        }
      ]
    },
    {
      "menu_id": "3",
      "menu_nm": "입법조사 요청",
      "icon": "demo-psi-pen-5",
      "expanded": false,
      "children": [
        {
          "menu_id": "301",
          "menu_nm": "신규 요청",
          "router_name": "request"
        }
      ]
    },
    {
      "menu_id": "4",
      "menu_nm": "요청 현황",
      "icon": "demo-pli-monitor-2",
      "expanded": false,
      "children": [
        {
          "menu_id": "401",
          "menu_nm": "요청현황관리",
          "router_name": "requestList"
        },
        {
          "menu_id": "402",
          "menu_nm": "회답서 관리",
          "path": "responseList?state=complete"
        },
        {
          "menu_id": "403",
          "menu_nm": "요청회답 검색",
          "path": "searchResult"
        },
        {
          "menu_id": "404",
          "menu_nm": "회답발의매칭관리",
          "router_name": "responseInitMatchingList"
        }
      ]
    },
    {
      "menu_id": "5",
      "menu_nm": "검색/통계",
      "icon": "demo-psi-bar-chart",
      "expanded": false,
      "children": [
        {
          "menu_id": "501",
          "menu_nm": "국회자료 검색",
          "router_name": "nadbSearchResult"
        },
        {
          "menu_id": "502",
          "menu_nm": "분야별 통계",
          "router_name": "requestList",
          "children": [
            {
              "menu_id": "50201",
              "menu_nm": "의원별통계",
              "router_name": "myStat"
            },
            {
              "menu_id": "50202",
              "menu_nm": "지원발의통계",
              "router_name": "myStat"
            },
            {
              "menu_id": "50203",
              "menu_nm": "지원일주계표",
              "router_name": "myStat"
            }
          ]
        },
        {
          "menu_id": "503",
          "menu_nm": "일반통계",
          "router_name": "nadbSearchResult",
          "children": [
            {
              "menu_id": "50301",
              "menu_nm": "의원별통계",
              "router_name": "myStat"
            },
            {
              "menu_id": "50302",
              "menu_nm": "지원발의통계",
              "router_name": "myStat"
            },
            {
              "menu_id": "50303",
              "menu_nm": "지원일주계표",
              "router_name": "myStat"
            }
          ]
        }
      ]
    },
    {
      "menu_id": "6",
      "menu_nm": "공지/문의",
      "icon": "demo-pli-question-circle",
      "expanded": false,
      "children": [
        {
          "menu_id": "601",
          "menu_nm": "공지사항",
          "path": "boardList?board_type=gongji"
        },
        {
          "menu_id": "602",
          "menu_nm": "도움말",
          "path": "boardList?board_type=help"
        }
      ]
    },
    {
      "menu_id": "7",
      "menu_nm": "시스템 설정",
      "icon": "demo-pli-gear",
      "expanded": false,
      "children": [
        {
          "menu_id": "701",
          "menu_nm": "사용자관리",
          "router_name": "userList"
        },
        {
          "menu_id": "702",
          "menu_nm": "메뉴관리",
          "router_name": "menu"
        },
        {
          "menu_id": "703",
          "menu_nm": "권한관리",
          "expanded": false,
          "children": [
            {
              "menu_id": "70301",
              "menu_nm": "권한그룹관리",
              "router_name": "auth"
            },
            {
              "menu_id": "70302",
              "menu_nm": "권한메뉴관리",
              "router_name": "authMenuGroup"
            },
            {
              "menu_id": "70303",
              "menu_nm": "권한사용자그룹관리",
              "router_name": "authUserGroup"
            }
          ]
        },
        {
          "menu_id": "704",
          "menu_nm": "로그관리",
          "router_name": "logList"
        },
        {
          "menu_id": "705",
          "menu_nm": "코드관리",
          "router_name": "codeList"
        }
      ]
    },
    {
      "menu_id": "9",
      "menu_nm": "My페이지",
      "icon": "demo-pli-question-circle",
      "expanded": false,
      "children": [
        {
          "menu_id": "901",
          "menu_nm": "나의 정보",
          "router_name": "user"
        }
      ]
    }
  ],
  "team_leader": [
    {
      "menu_id": "0",
      "menu_nm": "통합검색",
      "visible": false,
      "router_name": "searchResult"
    },
    {
      "menu_id": "123241",
      "menu_nm": "대시보드",
      "visible": false,
      "router_name": "dashboard"
    },
    {
      "menu_id": "1",
      "menu_nm": "이용안내",
      "icon": "demo-pli-information",
      "expanded": false,
      "children": [
        {
          "menu_id": "101",
          "menu_nm": "시스템소개",
          "router_name": "guide1",
          "description": ""
        },
        {
          "menu_id": "102",
          "menu_nm": "시스템사용절차",
          "router_name": "guide2",
          "description": ""
        },
        {
          "menu_id": "103",
          "menu_nm": "의원발의 절차",
          "router_name": "guide3",
          "description": ""
        }
      ]
    },
    {
      "menu_id": "3",
      "menu_nm": "입법조사 요청",
      "icon": "demo-psi-pen-5",
      "expanded": false,
      "children": [
        {
          "menu_id": "301",
          "menu_nm": "신규 요청",
          "router_name": "request"
        }
      ]
    },
    {
      "menu_id": "4",
      "menu_nm": "요청 현황",
      "icon": "demo-pli-monitor-2",
      "expanded": false,
      "children": [
        {
          "menu_id": "401",
          "menu_nm": "신규요청관리",
          "path": "requestList?state=request"
        },
        {
          "menu_id": "402",
          "menu_nm": "전체요청 현황",
          "router_name": "requestList"
        },
        {
          "menu_id": "403",
          "menu_nm": "요청회답 검색",
          "path": "searchResult"
        },
        {
          "menu_id": "404",
          "menu_nm": "회답발의매칭관리",
          "router_name": "responseInitMatchingList"
        }
      ]
    },
    {
      "menu_id": "5",
      "menu_nm": "검색/통계",
      "icon": "demo-psi-bar-chart",
      "expanded": false,
      "children": [
        {
          "menu_id": "501",
          "menu_nm": "국회자료 검색",
          "router_name": "nadbSearchResult"
        },
        {
          "menu_id": "502",
          "menu_nm": "분야별 통계",
          "router_name": "requestList",
          "children": [
            {
              "menu_id": "50201",
              "menu_nm": "의원별통계",
              "router_name": "myStat"
            },
            {
              "menu_id": "50202",
              "menu_nm": "지원발의통계",
              "router_name": "myStat"
            },
            {
              "menu_id": "50203",
              "menu_nm": "지원일주계표",
              "router_name": "myStat"
            }
          ]
        },
        {
          "menu_id": "503",
          "menu_nm": "일반통계",
          "router_name": "nadbSearchResult",
          "children": [
            {
              "menu_id": "50301",
              "menu_nm": "의원별통계",
              "router_name": "myStat"
            },
            {
              "menu_id": "50302",
              "menu_nm": "지원발의통계",
              "router_name": "myStat"
            },
            {
              "menu_id": "50303",
              "menu_nm": "지원일주계표",
              "router_name": "myStat"
            }
          ]
        }
      ]
    },
    {
      "menu_id": "6",
      "menu_nm": "공지/문의",
      "icon": "demo-pli-question-circle",
      "expanded": false,
      "children": [
        {
          "menu_id": "601",
          "menu_nm": "공지사항",
          "path": "boardList?board_type=gongji"
        },
        {
          "menu_id": "602",
          "menu_nm": "도움말",
          "path": "boardList?board_type=help"
        }
      ]
    },
    {
      "menu_id": "7",
      "menu_nm": "시스템 설정",
      "icon": "demo-pli-gear",
      "expanded": false,
      "children": [
        {
          "menu_id": "701",
          "menu_nm": "사용자관리",
          "router_name": "userList"
        },
        {
          "menu_id": "70303",
          "menu_nm": "권한사용자그룹관리",
          "router_name": "authUserGroup"
        }
      ]
    },
    {
      "menu_id": "9",
      "menu_nm": "My페이지",
      "icon": "demo-pli-question-circle",
      "expanded": false,
      "children": [
        {
          "menu_id": "901",
          "menu_nm": "나의 정보",
          "router_name": "user"
        }
      ]
    }
  ],
  "examiner": [
    {
      "menu_id": "0",
      "menu_nm": "통합검색",
      "visible": false,
      "router_name": "searchResult"
    },
    {
      "menu_id": "123241",
      "menu_nm": "대시보드",
      "visible": false,
      "router_name": "dashboard"
    },
    {
      "menu_id": "1",
      "menu_nm": "이용안내",
      "icon": "demo-pli-information",
      "expanded": false,
      "children": [
        {
          "menu_id": "101",
          "menu_nm": "시스템소개",
          "router_name": "guide1",
          "description": ""
        },
        {
          "menu_id": "102",
          "menu_nm": "시스템사용절차",
          "router_name": "guide2",
          "description": ""
        },
        {
          "menu_id": "103",
          "menu_nm": "의원발의 절차",
          "router_name": "guide3",
          "description": ""
        }
      ]
    },
    {
      "menu_id": "3",
      "menu_nm": "입법조사 요청",
      "icon": "demo-psi-pen-5",
      "expanded": false,
      "children": [
        {
          "menu_id": "301",
          "menu_nm": "신규 요청",
          "router_name": "request"
        }
      ]
    },
    {
      "menu_id": "4",
      "menu_nm": "요청 현황",
      "icon": "demo-pli-monitor-2",
      "expanded": false,
      "children": [
        {
          "menu_id": "401",
          "menu_nm": "나의 배정회답",
          "router_name": "responseList"
        },
        {
          "menu_id": "402",
          "menu_nm": "요청서 관리",
          "path": "requestList?user_type=examiner"
        },
        {
          "menu_id": "403",
          "menu_nm": "전체요청현황",
          "path": "requestList"
        },
        {
          "menu_id": "404",
          "menu_nm": "요청회답 검색",
          "path": "searchResult"
        },
        {
          "menu_id": "405",
          "menu_nm": "회답발의매칭관리",
          "router_name": "responseInitMatchingList"
        }
      ]
    },
    {
      "menu_id": "5",
      "menu_nm": "검색/통계",
      "icon": "demo-psi-bar-chart",
      "expanded": false,
      "children": [
        {
          "menu_id": "501",
          "menu_nm": "국회자료 검색",
          "router_name": "nadbSearchResult"
        },
        {
          "menu_id": "502",
          "menu_nm": "분야별 통계",
          "router_name": "requestList",
          "children": [
            {
              "menu_id": "50201",
              "menu_nm": "의원별통계",
              "router_name": "myStat"
            },
            {
              "menu_id": "50202",
              "menu_nm": "지원발의통계",
              "router_name": "myStat"
            },
            {
              "menu_id": "50203",
              "menu_nm": "지원일주계표",
              "router_name": "myStat"
            }
          ]
        },
        {
          "menu_id": "503",
          "menu_nm": "일반통계",
          "router_name": "nadbSearchResult",
          "children": [
            {
              "menu_id": "50301",
              "menu_nm": "의원별통계",
              "router_name": "myStat"
            },
            {
              "menu_id": "50302",
              "menu_nm": "지원발의통계",
              "router_name": "myStat"
            },
            {
              "menu_id": "50303",
              "menu_nm": "지원일주계표",
              "router_name": "myStat"
            }
          ]
        }
      ]
    },
    {
      "menu_id": "6",
      "menu_nm": "공지/문의",
      "icon": "demo-pli-question-circle",
      "expanded": false,
      "children": [
        {
          "menu_id": "601",
          "menu_nm": "공지사항",
          "path": "boardList?board_type=gongji"
        },
        {
          "menu_id": "602",
          "menu_nm": "도움말",
          "path": "boardList?board_type=help"
        }
      ]
    },
    {
      "menu_id": "9",
      "menu_nm": "My페이지",
      "icon": "demo-pli-question-circle",
      "expanded": false,
      "children": [
        {
          "menu_id": "901",
          "menu_nm": "나의 정보",
          "router_name": "user"
        }
      ]
    }
  ],
  "team_member": [
    {
      "menu_id": "0",
      "menu_nm": "통합검색",
      "visible": false,
      "router_name": "searchResult"
    },
    {
      "menu_id": "123241",
      "menu_nm": "대시보드",
      "visible": false,
      "router_name": "dashboard"
    },
    {
      "menu_id": "1",
      "menu_nm": "이용안내",
      "icon": "demo-pli-information",
      "expanded": false,
      "children": [
        {
          "menu_id": "101",
          "menu_nm": "시스템소개",
          "router_name": "guide1",
          "description": ""
        },
        {
          "menu_id": "102",
          "menu_nm": "시스템사용절차",
          "router_name": "guide2",
          "description": ""
        },
        {
          "menu_id": "103",
          "menu_nm": "의원발의 절차",
          "router_name": "guide3",
          "description": ""
        }
      ]
    },
    {
      "menu_id": "3",
      "menu_nm": "입법조사 요청",
      "icon": "demo-psi-pen-5",
      "expanded": false,
      "children": [
        {
          "menu_id": "301",
          "menu_nm": "신규 요청",
          "router_name": "request"
        }
      ]
    },
    {
      "menu_id": "4",
      "menu_nm": "요청 회답 검색",
      "icon": "demo-pli-monitor-2",
      "expanded": false,
      "children": [
        {
          "menu_id": "401",
          "menu_nm": "요청 현황관리",
          "router_name": "requestList"
        },
        {
          "menu_id": "402",
          "menu_nm": "회답서 관리",
          "path": "responseList?state=complete"
        },
        {
          "menu_id": "403",
          "menu_nm": "요청회답 검색",
          "path": "searchResult"
        }
      ]
    },
    {
      "menu_id": "5",
      "menu_nm": "요청 회답 통계",
      "icon": "demo-psi-bar-chart",
      "expanded": false,
      "children": [
        {
          "menu_id": "501",
          "menu_nm": "국회자료 검색",
          "router_name": "nadbSearchResult"
        },
        {
          "menu_id": "502",
          "menu_nm": "분야별 통계",
          "router_name": "requestList",
          "children": [
            {
              "menu_id": "50201",
              "menu_nm": "의원별통계",
              "router_name": "myStat"
            },
            {
              "menu_id": "50202",
              "menu_nm": "지원발의통계",
              "router_name": "myStat"
            },
            {
              "menu_id": "50203",
              "menu_nm": "지원일주계표",
              "router_name": "myStat"
            }
          ]
        },
        {
          "menu_id": "503",
          "menu_nm": "일반통계",
          "router_name": "nadbSearchResult",
          "expanded": false,
          "children": [
            {
              "menu_id": "50301",
              "menu_nm": "의원별통계",
              "router_name": "myStat"
            },
            {
              "menu_id": "50302",
              "menu_nm": "지원발의통계",
              "router_name": "myStat"
            },
            {
              "menu_id": "50303",
              "menu_nm": "지원일주계표",
              "router_name": "myStat"
            }
          ]
        }
      ]
    },
    {
      "menu_id": "6",
      "menu_nm": "공지/문의",
      "icon": "demo-pli-question-circle",
      "expanded": false,
      "children": [
        {
          "menu_id": "601",
          "menu_nm": "공지사항",
          "path": "boardList?board_type=gongji"
        },
        {
          "menu_id": "602",
          "menu_nm": "도움말",
          "path": "boardList?board_type=help"
        }
      ]
    },
    {
      "menu_id": "9",
      "menu_nm": "My페이지",
      "icon": "demo-pli-question-circle",
      "expanded": false,
      "children": [
        {
          "menu_id": "901",
          "menu_nm": "나의 정보",
          "router_name": "user"
        }
      ]
    }
  ]
}